City_ID,City,Country,Date,Lat,Lng,Max Temp,Humidity,Cloudiness,Wind Speed
0,Jamestown,US,2021-01-02 00:50:23,42.1,-79.24,33.01,95,90,13.35
1,Atuona,PF,2021-01-02 00:50:24,-9.8,-139.03,78.15,73,0,15.52
2,Auki,SB,2021-01-02 00:50:24,-8.77,160.7,87.49,60,100,1.59
3,Butaritari,KI,2021-01-02 00:50:24,3.07,172.79,80.94,77,89,17.65
4,Pacific Grove,US,2021-01-02 00:50:24,36.62,-121.92,55.4,76,1,5.82
5,San Nicolas,PH,2021-01-02 00:50:25,18.17,120.6,75.2,73,20,6.93
6,Rikitea,PF,2021-01-02 00:50:25,-23.12,-134.97,78.15,69,95,11.27
7,Boissevain,CA,2021-01-02 00:50:25,49.23,-100.06,21.0,100,20,13.87
8,Pevek,RU,2021-01-02 00:50:25,69.7,170.31,-18.67,89,100,5.5
9,Albany,US,2021-01-02 00:49:42,42.6,-73.97,30.99,77,100,8.68
10,Dingle,PH,2021-01-02 00:50:26,11.0,122.67,80.02,84,100,11.86
11,Busselton,AU,2021-01-02 00:50:26,-33.65,115.33,70.0,63,2,10.0
12,The Valley,AI,2021-01-02 00:50:26,18.22,-63.06,78.8,57,40,13.87
13,Yerbogachen,RU,2021-01-02 00:50:26,61.28,108.01,-30.78,81,17,3.76
14,Saint-Philippe,RE,2021-01-02 00:50:27,-21.36,55.77,77.0,69,0,13.87
15,Kihei,US,2021-01-02 00:50:27,20.79,-156.47,82.4,48,40,23.04
16,Kodiak,US,2021-01-02 00:50:27,57.79,-152.41,35.6,74,90,13.87
17,Dunedin,NZ,2021-01-02 00:50:27,-45.87,170.5,54.0,89,100,15.99
18,Yellowknife,CA,2021-01-02 00:45:47,62.46,-114.35,-24.0,67,20,2.24
19,Aquiraz,BR,2021-01-02 00:50:28,-3.9,-38.39,80.6,83,40,9.17
20,Kapaa,US,2021-01-02 00:46:55,22.08,-159.32,78.8,74,40,16.11
21,Tshikapa,CD,2021-01-02 00:50:28,-6.42,20.8,70.16,90,100,0.78
22,Portland,US,2021-01-02 00:49:03,45.52,-122.68,48.99,91,100,4.0
23,Bereda,ES,2021-01-02 00:50:29,43.27,-7.54,36.0,100,83,1.99
24,Dikson,RU,2021-01-02 00:50:29,73.51,80.55,9.43,96,100,18.54
25,Georgiyevskoye,RU,2021-01-02 00:50:29,58.73,45.02,17.44,97,100,8.01
26,Rock Sound,BS,2021-01-02 00:50:30,24.9,-76.2,75.49,79,0,20.56
27,Ushuaia,AR,2021-01-02 00:50:30,-54.8,-68.3,64.4,42,40,12.75
28,Avarua,CK,2021-01-02 00:50:30,-21.21,-159.78,84.2,74,87,17.22
29,Tura,IN,2021-01-02 00:50:31,25.52,90.22,55.74,75,93,2.51
30,Tuktoyaktuk,CA,2021-01-02 00:50:31,69.45,-133.04,-23.8,74,20,10.29
31,Hobart,AU,2021-01-02 00:50:25,-42.88,147.33,78.01,52,20,6.93
32,Cherskiy,RU,2021-01-02 00:50:31,68.75,161.3,-37.43,82,91,1.95
33,Charters Towers,AU,2021-01-02 00:50:31,-20.1,146.27,78.35,79,100,8.39
34,Ketchikan,US,2021-01-02 00:46:33,55.34,-131.65,37.4,100,90,3.36
35,Brigantine,US,2021-01-02 00:50:32,39.41,-74.36,46.0,93,90,11.41
36,Hericourt,FR,2021-01-02 00:50:32,47.57,6.76,33.8,97,90,3.36
37,Peruibe,BR,2021-01-02 00:47:41,-24.32,-47.0,73.38,89,100,7.63
38,Touros,BR,2021-01-02 00:50:32,-5.2,-35.46,77.0,83,20,6.93
39,Cerrito,CO,2021-01-02 00:50:33,6.84,-72.69,69.8,100,40,3.36
40,Corowa,AU,2021-01-02 00:50:33,-36.03,146.38,82.99,41,100,1.99
41,North Bend,US,2021-01-02 00:50:33,43.41,-124.22,50.0,87,90,12.75
42,Saint-Augustin,CA,2021-01-02 00:50:33,51.23,-58.65,5.61,85,0,17.54
43,Kasongo-Lunda,CD,2021-01-02 00:50:34,-6.47,16.82,69.4,88,94,1.45
44,Bulaevo,KZ,2021-01-02 00:50:34,54.91,70.44,-27.98,85,0,3.51
45,Ostrovnoy,RU,2021-01-02 00:50:34,68.05,39.51,16.34,94,100,12.08
46,Guhagar,IN,2021-01-02 00:50:34,17.48,73.19,74.19,73,100,3.15
47,Chapais,CA,2021-01-02 00:50:35,49.78,-74.85,21.2,85,90,8.05
48,Victoria,HK,2021-01-02 00:48:46,22.29,114.16,55.99,40,2,1.01
49,Huaicheng,CN,2021-01-02 00:50:35,23.91,112.19,49.05,46,0,1.05
50,Cambe,BR,2021-01-02 00:46:45,-23.28,-51.28,78.8,83,20,1.48
51,Villarrica,PY,2021-01-02 00:50:36,-25.75,-56.43,71.71,51,0,5.17
52,Orvieto,IT,2021-01-02 00:50:36,42.72,12.11,45.0,87,67,3.0
53,Tasiilaq,GL,2021-01-02 00:50:36,65.61,-37.64,32.0,95,100,20.8
54,Hilo,US,2021-01-02 00:47:12,19.73,-155.09,77.0,73,40,6.93
55,Takoradi,GH,2021-01-02 00:50:37,4.88,-1.76,79.32,87,65,9.64
56,Arraial Do Cabo,BR,2021-01-02 00:50:37,-22.97,-42.03,73.0,92,100,8.77
57,Lisakovsk,KZ,2021-01-02 00:50:37,52.54,62.49,-3.93,91,100,5.37
58,Sechelt,CA,2021-01-02 00:50:38,49.47,-123.77,51.01,90,100,5.01
59,Severo-Kurilsk,RU,2021-01-02 00:50:38,50.68,156.12,28.65,95,100,18.54
60,Bredasdorp,ZA,2021-01-02 00:50:38,-34.53,20.04,53.6,76,58,5.82
61,Itoman,JP,2021-01-02 00:50:39,26.12,127.67,62.6,67,75,17.22
62,Bambous Virieux,MU,2021-01-02 00:50:39,-20.34,57.76,77.0,73,75,12.75
63,Nioki,CD,2021-01-02 00:50:39,-2.72,17.68,72.32,96,100,2.3
64,Tiksi,RU,2021-01-02 00:50:39,71.69,128.87,-17.45,88,100,4.56
65,Hermanus,ZA,2021-01-02 00:50:39,-34.42,19.23,60.01,77,0,1.99
66,Novaya Igirma,RU,2021-01-02 00:50:40,57.13,103.91,-26.72,84,100,2.68
67,Punta Arenas,CL,2021-01-02 00:50:40,-53.15,-70.92,60.8,63,0,21.92
68,Mataura,NZ,2021-01-02 00:50:40,-46.19,168.86,57.0,88,100,10.0
69,Mathathane,BW,2021-01-02 00:50:40,-22.27,28.75,71.71,73,55,22.97
70,Bolu,TR,2021-01-02 00:50:40,40.67,31.58,40.53,80,0,2.93
71,Port Alfred,ZA,2021-01-02 00:50:41,-33.59,26.89,62.01,75,34,3.0
72,Ponta Delgada,PT,2021-01-02 00:50:41,37.73,-25.67,57.2,71,75,13.87
73,Brae,GB,2021-01-02 00:50:41,60.4,-1.35,35.6,74,96,6.93
74,Margate,GB,2021-01-02 00:50:41,51.38,1.39,39.99,90,95,3.0
75,Upernavik,GL,2021-01-02 00:50:41,72.79,-56.15,19.06,87,100,4.94
76,Iqaluit,CA,2021-01-02 00:50:42,63.75,-68.51,-14.01,68,20,4.7
77,Cacule,BR,2021-01-02 00:50:42,-14.5,-42.22,67.5,66,0,2.17
78,Vaini,TO,2021-01-02 00:50:42,-21.2,-175.2,80.6,83,75,11.41
79,Port Blair,IN,2021-01-02 00:50:42,11.67,92.75,78.8,88,40,5.82
80,Aklavik,CA,2021-01-02 00:50:43,68.22,-135.01,-11.2,76,12,4.7
81,Talnakh,RU,2021-01-02 00:50:43,69.49,88.4,-20.2,75,20,15.66
82,Torbay,CA,2021-01-02 00:50:43,47.67,-52.73,24.01,67,75,29.97
83,Ancud,CL,2021-01-02 00:50:43,-41.87,-73.82,59.0,62,90,4.7
84,Andenes,NO,2021-01-02 00:50:44,69.31,16.12,35.6,80,17,9.17
85,Zheleznodorozhnyy,RU,2021-01-02 00:50:44,55.75,38.0,32.0,98,90,11.18
86,Ahipara,NZ,2021-01-02 00:50:44,-35.17,173.17,70.25,74,100,7.49
87,Georgetown,MY,2021-01-02 00:50:44,5.41,100.34,78.8,83,20,7.38
88,Esperance,AU,2021-01-02 00:50:44,-33.87,121.9,62.6,67,90,14.99
89,Barrow,US,2021-01-02 00:50:45,71.29,-156.79,-7.6,69,90,9.17
90,New Norfolk,AU,2021-01-02 00:50:45,-42.78,147.06,78.01,41,53,1.99
91,Nouadhibou,MR,2021-01-02 00:50:45,20.93,-17.03,62.6,72,0,12.75
92,Tuatapere,NZ,2021-01-02 00:50:45,-46.13,167.68,57.0,88,100,10.0
93,Xuanzhou,CN,2021-01-02 00:50:46,30.95,118.76,35.02,75,0,2.15
94,Lavrentiya,RU,2021-01-02 00:50:46,65.58,-171.0,15.53,94,100,14.61
95,Husavik,IS,2021-01-02 00:50:46,66.04,-17.34,26.6,86,40,2.24
96,Katangli,RU,2021-01-02 00:50:46,51.71,143.23,-5.85,81,100,13.8
97,Oranjemund,NA,2021-01-02 00:50:46,-28.55,16.43,62.51,73,0,9.06
98,Ishinomaki,JP,2021-01-02 00:50:47,38.42,141.3,28.4,79,40,10.29
99,Ilebo,CD,2021-01-02 00:50:47,-4.32,20.58,69.37,96,100,1.25
100,Mehamn,NO,2021-01-02 00:50:47,71.04,27.85,25.66,93,0,8.41
101,Lebu,CL,2021-01-02 00:50:47,-37.62,-73.65,57.38,77,0,20.51
102,Kavieng,PG,2021-01-02 00:50:48,-2.57,150.8,85.24,69,29,11.32
103,Longyearbyen,SJ,2021-01-02 00:50:48,78.22,15.64,37.4,59,40,23.04
104,Vila Franca Do Campo,PT,2021-01-02 00:50:48,37.72,-25.43,57.2,71,75,13.87
105,Znamenskoye,RU,2021-01-02 00:50:48,57.13,73.83,-25.76,85,43,3.02
106,Poum,NC,2021-01-02 00:50:48,-20.23,164.02,81.27,81,100,13.8
107,Nanortalik,GL,2021-01-02 00:50:49,60.14,-45.24,30.54,96,99,18.43
108,Nome,US,2021-01-02 00:50:49,64.5,-165.41,24.8,68,40,12.75
109,Bluff,NZ,2021-01-02 00:50:49,-46.6,168.33,57.0,88,83,10.0
110,Cape Town,ZA,2021-01-02 00:47:54,-33.93,18.42,64.0,62,0,4.7
111,Chuy,UY,2021-01-02 00:50:50,-33.7,-53.46,63.18,76,100,6.15
112,Harper,LR,2021-01-02 00:50:50,4.38,-7.72,79.05,85,19,8.28
113,Constantine,DZ,2021-01-02 00:50:50,36.37,6.61,41.0,60,20,16.11
114,Bengkulu,ID,2021-01-02 00:50:42,-3.8,102.27,79.72,74,100,5.01
115,Ayan,RU,2021-01-02 00:50:51,56.45,138.17,-17.63,75,14,14.09
116,Provideniya,RU,2021-01-02 00:50:51,64.38,-173.3,17.29,95,100,21.45
117,Lubbock,US,2021-01-02 00:49:32,33.6,-101.83,44.6,24,90,5.82
118,Nikolskoye,RU,2021-01-02 00:50:51,59.7,30.79,33.01,98,90,4.47
119,Samarai,PG,2021-01-02 00:50:52,-10.62,150.67,86.4,72,91,16.17
120,Abalak,RU,2021-01-02 00:50:52,58.13,68.59,-28.52,85,0,1.92
121,Kaitangata,NZ,2021-01-02 00:50:52,-46.28,169.85,57.99,84,100,21.0
122,Nelson Bay,AU,2021-01-02 00:50:52,-32.72,152.15,72.0,94,90,12.75
123,Thompson,CA,2021-01-02 00:50:52,55.74,-97.86,8.6,92,90,3.02
124,Qaanaaq,GL,2021-01-02 00:50:53,77.48,-69.36,-2.49,81,100,0.65
125,Rocha,UY,2021-01-02 00:50:53,-34.48,-54.33,58.01,87,100,2.24
126,Manta,EC,2021-01-02 00:50:53,-0.95,-80.73,77.0,78,75,8.05
127,Trairi,BR,2021-01-02 00:50:53,-3.28,-39.27,80.08,80,100,10.47
128,Kaohsiung,TW,2021-01-02 00:50:54,22.62,120.31,59.0,72,20,2.24
129,Atbasar,KZ,2021-01-02 00:50:54,51.8,68.33,-16.98,87,31,4.99
130,Shache,CN,2021-01-02 00:50:03,38.42,77.24,13.64,83,0,0.4
131,Souillac,MU,2021-01-02 00:50:54,-20.52,57.52,77.0,73,75,12.75
132,San Isidro,PE,2021-01-02 00:50:55,-12.12,-77.05,69.8,83,75,14.99
133,Akcakoca,TR,2021-01-02 00:50:55,41.09,31.12,51.19,72,0,4.27
134,Otane,NZ,2021-01-02 00:50:55,-39.88,176.63,80.4,37,12,4.21
135,Bethel,US,2021-01-02 00:50:55,41.37,-73.41,33.8,74,90,3.36
136,Padang,ID,2021-01-02 00:50:55,-0.95,100.35,75.2,94,40,4.7
137,Neryungri,RU,2021-01-02 00:50:56,56.67,124.65,-24.79,83,100,6.2
138,Kirakira,SB,2021-01-02 00:50:56,-10.45,161.92,85.8,61,48,6.33
139,Cidreira,BR,2021-01-02 00:50:56,-30.18,-50.21,70.59,63,0,13.91
140,Mantua,IT,2021-01-02 00:50:56,45.17,10.78,43.0,93,100,5.01
141,Pueblo Nuevo,MX,2021-01-02 00:50:56,23.38,-105.38,37.74,75,0,1.03
142,Faanui,PF,2021-01-02 00:50:57,-16.48,-151.75,81.05,75,29,19.71
143,Puerto Ayora,EC,2021-01-02 00:50:57,-0.74,-90.35,73.0,92,34,3.0
144,Cleethorpes,GB,2021-01-02 00:50:57,53.56,-0.03,37.4,100,81,6.93
145,Caohai,CN,2021-01-02 00:50:57,26.87,104.28,34.77,89,96,6.11
146,Nchelenge,ZM,2021-01-02 00:50:58,-9.35,28.73,68.76,89,100,4.7
147,Half Moon Bay,US,2021-01-02 00:47:28,37.46,-122.43,57.2,93,75,2.91
148,Luderitz,NA,2021-01-02 00:50:58,-26.65,15.16,64.4,59,87,5.82
149,Sao Caetano De Odivelas,BR,2021-01-02 00:50:58,-0.75,-48.02,76.26,91,100,6.06
150,Tahoua,NE,2021-01-02 00:50:59,14.89,5.27,69.8,19,0,2.24
151,Ponta Do Sol,PT,2021-01-02 00:50:59,32.67,-17.1,59.0,67,75,6.93
152,Merauke,ID,2021-01-02 00:50:59,-8.47,140.33,83.35,78,100,11.83
153,Nazarovo,RU,2021-01-02 00:50:59,56.01,90.39,-22.54,87,34,2.42
154,Sorland,NO,2021-01-02 00:50:59,67.67,12.69,40.55,69,26,9.28
155,San Patricio,US,2021-01-02 00:51:00,28.02,-97.52,57.2,62,75,4.7
156,Pemba,MZ,2021-01-02 00:51:00,-12.97,40.52,78.8,88,40,5.82
157,Talaya,RU,2021-01-02 00:51:00,61.38,152.75,-25.08,83,100,4.56
158,Veraval,IN,2021-01-02 00:51:00,20.9,70.37,62.76,45,1,13.62
159,Pangody,RU,2021-01-02 00:50:45,65.85,74.49,-28.75,84,5,5.46
160,East London,ZA,2021-01-02 00:51:01,-33.02,27.91,65.34,63,98,5.99
161,Providencia,MX,2021-01-02 00:51:01,28.72,-111.58,63.0,53,8,4.0
162,Mareeba,AU,2021-01-02 00:47:43,-17.0,145.43,88.0,74,100,2.24
163,Broken Hill,AU,2021-01-02 00:51:02,-31.95,141.43,80.6,51,75,14.99
164,Vazhiny,RU,2021-01-02 00:51:02,60.96,34.02,32.9,96,100,6.91
165,Necochea,AR,2021-01-02 00:51:02,-38.55,-58.74,66.0,61,0,11.7
166,Port Hedland,AU,2021-01-02 00:51:03,-20.32,118.57,89.6,59,75,10.29
167,Olafsvik,IS,2021-01-02 00:51:03,64.89,-23.71,39.69,92,100,23.51
168,Pocone,BR,2021-01-02 00:51:03,-16.26,-56.62,80.2,62,1,4.16
169,Chiredzi,ZW,2021-01-02 00:51:04,-21.05,31.67,73.11,88,100,11.1
170,Griffith,US,2021-01-02 00:51:04,41.53,-87.42,34.0,98,90,3.36
171,Grindavik,IS,2021-01-02 00:51:04,63.84,-22.43,35.6,100,75,14.99
172,Beloha,MG,2021-01-02 00:51:04,-25.17,45.05,70.56,78,0,4.56
173,Tazovskiy,RU,2021-01-02 00:51:05,67.47,78.7,-26.12,86,68,6.26
174,Klaksvik,FO,2021-01-02 00:51:05,62.23,-6.59,32.0,85,100,8.05
175,Castro,BR,2021-01-02 00:50:33,-24.79,-50.01,62.35,97,61,8.16
176,Kostomuksha,RU,2021-01-02 00:51:05,64.57,30.58,26.74,99,98,4.23
177,Nemuro,JP,2021-01-02 00:51:06,43.32,145.57,8.6,60,40,6.93
178,Finschhafen,PG,2021-01-02 00:51:06,-6.6,147.87,85.62,67,100,2.77
179,Fairbanks,US,2021-01-02 00:49:09,64.84,-147.72,3.99,76,75,3.94
180,Zanesville,US,2021-01-02 00:49:53,39.94,-82.01,45.0,93,40,4.7
181,Waipawa,NZ,2021-01-02 00:51:07,-41.41,175.52,71.6,73,94,18.34
182,Hasaki,JP,2021-01-02 00:51:07,35.73,140.83,39.0,51,20,2.24
183,Terre-De-Bas,GP,2021-01-02 00:51:07,15.85,-61.64,77.0,65,0,9.17
184,Betioky,MG,2021-01-02 00:51:08,-23.72,44.38,71.94,80,0,3.96
185,Billings,US,2021-01-02 00:50:43,45.78,-108.5,39.2,32,40,14.99
186,Hithadhoo,MV,2021-01-02 00:51:08,-0.6,73.08,81.84,73,1,7.0
187,Gat,IL,2021-01-02 00:48:02,31.61,34.76,57.0,100,100,1.99
188,Yulara,AU,2021-01-02 00:51:09,-25.24,130.99,93.2,13,0,14.99
189,Newport,GB,2021-01-02 00:48:04,51.59,-3.0,39.99,91,16,1.01
190,Carutapera,BR,2021-01-02 00:51:11,-1.2,-46.02,78.91,84,100,6.51
191,Riyadh,SA,2021-01-02 00:51:11,24.69,46.72,53.6,81,0,2.24
192,Geraldton,AU,2021-01-02 00:51:12,-28.77,114.6,78.8,54,0,10.29
193,Khatanga,RU,2021-01-02 00:51:12,71.97,102.5,-8.46,90,100,14.14
194,Gladstone,AU,2021-01-02 00:51:12,-23.85,151.25,80.6,61,100,12.75
195,Diffa,NE,2021-01-02 00:51:13,13.32,12.61,70.36,20,0,8.66
196,Kieta,PG,2021-01-02 00:51:13,-6.22,155.63,85.82,60,43,2.91
197,Sandwick,GB,2021-01-02 00:51:13,60.0,-1.25,35.6,74,88,6.93
198,Navrongo,GH,2021-01-02 00:51:14,10.9,-1.09,77.02,19,0,7.43
199,Kenai,US,2021-01-02 00:51:14,60.55,-151.26,15.01,85,1,6.93
200,Mahebourg,MU,2021-01-02 00:51:14,-20.41,57.7,77.0,73,75,12.75
201,Keokuk,US,2021-01-02 00:51:14,40.4,-91.38,30.2,100,90,9.17
202,Botelhos,BR,2021-01-02 00:51:14,-21.63,-46.4,64.69,90,100,1.48
203,San Cristobal,VE,2021-01-02 00:51:15,7.77,-72.22,65.46,92,86,0.51
204,Mogadishu,SO,2021-01-02 00:51:15,2.04,45.34,76.46,83,49,14.43
205,Charagua,BO,2021-01-02 00:51:15,-19.8,-63.22,74.26,71,99,4.41
206,Takaka,NZ,2021-01-02 00:51:15,-40.85,172.8,69.21,61,100,8.95
207,Mubi,NG,2021-01-02 00:51:15,10.27,13.26,70.74,31,100,2.17
208,Saldanha,ZA,2021-01-02 00:51:16,-33.01,17.94,57.2,67,0,8.05
209,Vinogradnyy,RU,2021-01-02 00:51:16,45.05,37.32,51.01,81,89,6.71
210,Yumen,CN,2021-01-02 00:51:16,40.28,97.2,12.85,79,100,11.12
211,Rawson,AR,2021-01-02 00:51:16,-43.3,-65.1,75.34,30,0,15.97
212,Santa Cruz,BO,2021-01-02 00:50:38,-17.8,-63.17,77.0,83,63,3.36
213,Clyde River,CA,2021-01-02 00:51:17,70.47,-68.59,-18.4,68,1,4.7
214,Lima,PE,2021-01-02 00:46:38,-12.04,-77.03,70.0,83,75,14.99
215,Salalah,OM,2021-01-02 00:51:17,17.02,54.09,73.4,73,40,1.12
216,Thunder Bay,CA,2021-01-02 00:51:17,48.4,-89.32,24.8,92,90,2.24
217,Kalnciems,LV,2021-01-02 00:51:18,56.8,23.61,32.0,98,90,3.31
218,Chamlykskaya,RU,2021-01-02 00:51:18,44.72,40.88,42.73,63,100,3.38
219,Manggar,ID,2021-01-02 00:51:18,-2.88,108.27,81.18,80,100,7.43
220,Kamina,CD,2021-01-02 00:51:18,-8.74,24.99,64.26,96,100,3.74
221,Hobyo,SO,2021-01-02 00:51:18,5.35,48.53,75.38,76,88,16.08
222,Port Elizabeth,ZA,2021-01-02 00:51:19,-33.92,25.57,66.2,59,40,8.05
223,Kelo,TD,2021-01-02 00:51:19,9.31,15.81,72.34,31,100,3.91
224,Narasannapeta,IN,2021-01-02 00:51:19,18.42,84.05,63.37,76,14,5.48
225,Vrangel,RU,2021-01-02 00:51:19,42.73,133.08,0.72,78,0,14.36
226,Wakkanai,JP,2021-01-02 00:51:19,45.41,141.67,19.4,79,75,24.16
227,Marakkanam,IN,2021-01-02 00:51:20,12.2,79.95,73.17,86,90,10.96
228,Kamaishi,JP,2021-01-02 00:51:20,39.27,141.88,19.4,85,75,2.24
229,Skibbereen,IE,2021-01-02 00:51:20,51.55,-9.27,33.8,86,20,11.41
230,Temozon,MX,2021-01-02 00:51:20,20.8,-88.22,75.0,87,100,3.6
231,Zhangjiakou,CN,2021-01-02 00:51:20,40.81,114.88,9.07,79,0,4.36
232,Bubaque,GW,2021-01-02 00:51:21,11.28,-15.83,80.46,68,0,11.23
233,Constitucion,CL,2021-01-02 00:50:06,-35.33,-72.42,58.86,76,0,12.95
234,Randolph,US,2021-01-02 00:46:23,35.7,-79.82,41.0,100,90,8.05
235,Grand Forks,US,2021-01-02 00:51:21,47.94,-97.43,26.6,100,90,5.82
236,Fayetteville,US,2021-01-02 00:49:32,35.05,-78.88,48.2,93,90,5.82
237,Kysyl-Syr,RU,2021-01-02 00:51:22,63.9,122.76,-20.76,86,100,6.58
238,Pulaski,US,2021-01-02 00:49:09,34.77,-92.3,43.0,81,90,8.05
239,Lompoc,US,2021-01-02 00:47:29,34.64,-120.46,55.4,76,1,11.41
240,Bac Lieu,VN,2021-01-02 00:51:22,9.29,105.72,73.02,73,91,8.37
241,Umm Kaddadah,SD,2021-01-02 00:51:23,13.6,26.69,64.11,25,100,14.16
242,Quelimane,MZ,2021-01-02 00:51:23,-17.88,36.89,77.5,87,7,6.04
243,Leningradskiy,RU,2021-01-02 00:51:23,69.38,178.42,-4.5,90,100,4.59
244,Straumen,NO,2021-01-02 00:51:23,63.87,11.3,36.0,74,0,14.99
245,Scicli,IT,2021-01-02 00:51:23,36.79,14.7,51.8,87,0,2.24
246,Chifeng,CN,2021-01-02 00:51:24,42.27,118.96,-6.21,83,0,5.3
247,Faya,SA,2021-01-02 00:51:24,18.39,42.45,53.6,81,0,2.59
248,Acapulco,MX,2021-01-02 00:51:24,16.86,-99.89,80.6,61,5,5.82
249,Biak,ID,2021-01-02 00:50:30,-0.91,122.88,83.05,68,81,0.54
250,Bhongir,IN,2021-01-02 00:51:25,17.51,78.89,63.0,100,46,3.36
251,Flinders,AU,2021-01-02 00:51:02,-34.58,150.86,68.0,89,99,3.0
252,Sitka,US,2021-01-02 00:49:24,57.05,-135.33,42.8,56,75,9.17
253,Ribeirao Branco,BR,2021-01-02 00:47:59,-24.22,-48.77,64.53,92,77,7.78
254,Muli,MV,2021-01-02 00:51:25,2.92,73.57,80.73,76,89,8.12
255,Okato,NZ,2021-01-02 00:51:26,-39.2,173.88,64.99,83,89,11.99
256,Acajutla,SV,2021-01-02 00:48:38,13.59,-89.83,72.0,100,57,1.86
257,Tahe,CN,2021-01-02 00:51:26,52.33,124.73,-11.7,81,0,6.08
258,Tagusao,PH,2021-01-02 00:51:26,9.19,117.81,81.46,74,96,5.79
259,Ondjiva,AO,2021-01-02 00:51:26,-17.07,15.73,66.65,86,100,6.31
260,Uppsala,SE,2021-01-02 00:46:28,60.0,17.75,33.8,100,100,1.12
261,Shingu,JP,2021-01-02 00:51:27,33.73,135.98,42.8,70,75,12.75
262,Aleppo,SY,2021-01-02 00:51:27,36.25,37.5,50.83,60,100,11.45
263,Khobi,GE,2021-01-02 00:51:27,42.32,41.9,37.4,69,0,5.82
264,Mar Del Plata,AR,2021-01-02 00:49:17,-38.0,-57.56,66.0,63,0,4.7
265,Bridlington,GB,2021-01-02 00:51:28,54.08,-0.19,37.99,93,28,9.17
266,Ambovombe,MG,2021-01-02 00:51:28,-25.17,46.08,71.92,78,0,2.21
267,Krasnovishersk,RU,2021-01-02 00:51:28,60.41,57.08,2.82,93,100,5.86
268,Buala,SB,2021-01-02 00:51:28,-8.14,159.59,86.81,62,99,5.44
269,Caravelas,BR,2021-01-02 00:51:28,-17.71,-39.25,75.09,86,0,5.86
270,Sobolevo,RU,2021-01-02 00:51:29,54.43,31.9,35.71,97,100,10.04
271,Labuhan,ID,2021-01-02 00:51:29,-6.88,112.21,80.73,78,100,5.08
272,Lazaro Cardenas,MX,2021-01-02 00:51:29,17.96,-102.2,71.78,63,0,7.76
273,Eyl,SO,2021-01-02 00:51:29,7.98,49.82,71.69,76,89,15.19
274,Komsomolskiy,UZ,2021-01-02 00:51:29,40.43,71.72,21.2,92,90,2.24
275,Rajula,IN,2021-01-02 00:51:30,21.05,71.43,63.61,39,32,11.3
276,Thinadhoo,MV,2021-01-02 00:51:30,0.53,72.93,81.48,74,99,5.79
277,Rio Gallegos,AR,2021-01-02 00:50:17,-51.62,-69.22,69.8,49,20,3.36
278,Basay,PH,2021-01-02 00:51:30,9.41,122.64,81.3,74,100,11.86
279,Lahat,ID,2021-01-02 00:51:30,-3.8,103.53,75.79,88,93,2.77
280,Buchanan,LR,2021-01-02 00:51:31,5.88,-10.05,77.0,100,20,6.64
281,Sao Filipe,CV,2021-01-02 00:51:31,14.9,-24.5,75.51,73,0,6.73
282,Wau,SS,2021-01-02 00:51:31,7.7,28.0,69.33,31,82,2.33
283,Althofen,AT,2021-01-02 00:51:31,46.88,14.47,30.2,92,75,1.12
284,Comodoro Rivadavia,AR,2021-01-02 00:51:32,-45.87,-67.5,86.0,22,0,14.99
285,Tanete,ID,2021-01-02 00:51:32,-3.94,119.78,85.48,63,100,6.91
286,Manthani,IN,2021-01-02 00:51:32,18.65,79.67,63.46,86,98,3.91
287,Chokurdakh,RU,2021-01-02 00:51:32,70.63,147.92,-32.58,85,0,2.46
288,Balikpapan,ID,2021-01-02 00:50:14,-1.27,116.83,77.0,94,20,2.24
289,Donghai,CN,2021-01-02 00:51:33,22.95,115.64,48.0,45,0,5.75
290,Ilulissat,GL,2021-01-02 00:51:33,69.22,-51.1,19.4,52,100,11.41
291,Kikwit,CD,2021-01-02 00:51:33,-5.04,18.82,70.3,90,95,0.96
292,Dehui,CN,2021-01-02 00:51:33,44.53,125.7,-11.2,63,0,4.47
293,Tual,ID,2021-01-02 00:51:33,-5.67,132.75,84.63,73,100,12.46
294,Cabo San Lucas,MX,2021-01-02 00:51:34,22.89,-109.91,68.0,52,40,8.05
295,Grand Gaube,MU,2021-01-02 00:51:34,-20.01,57.66,75.0,79,0,7.0
296,Suluq,LY,2021-01-02 00:48:11,31.67,20.25,55.76,39,66,11.16
297,Fallon,US,2021-01-02 00:51:34,39.47,-118.78,42.8,52,20,8.05
298,Qaqortoq,GL,2021-01-02 00:51:35,60.72,-46.03,39.2,38,100,16.11
299,Tefe,BR,2021-01-02 00:51:35,-3.35,-64.71,75.38,94,100,1.3
300,Burnie,AU,2021-01-02 00:51:35,-41.07,145.92,64.0,65,100,11.01
301,Kant,IN,2021-01-02 00:51:35,27.8,79.8,51.22,45,0,4.0
302,Kununurra,AU,2021-01-02 00:48:04,-15.77,128.73,89.6,66,19,8.05
303,Pedra,BR,2021-01-02 00:51:36,-8.5,-36.94,70.57,84,37,8.1
304,Caruray,PH,2021-01-02 00:51:36,10.31,119.01,78.8,83,40,6.93
305,Tabas,IR,2021-01-02 00:51:37,33.6,56.92,32.0,57,0,6.93
306,Kushmurun,KZ,2021-01-02 00:51:37,52.45,64.63,-4.92,89,100,4.61
307,Narsaq,GL,2021-01-02 00:51:37,60.92,-46.05,39.2,38,100,16.11
308,Camana,PE,2021-01-02 00:51:37,-16.62,-72.71,70.09,84,100,4.12
309,Pingyi,CN,2021-01-02 00:51:38,35.5,117.63,28.35,81,0,4.21
310,Cayenne,GF,2021-01-02 00:51:38,4.93,-52.33,75.2,100,40,6.96
311,Lienz,AT,2021-01-02 00:51:38,46.83,12.77,24.01,91,100,4.07
312,Kutum,SD,2021-01-02 00:51:38,14.2,24.67,56.34,33,1,5.17
313,Abu Dhabi,AE,2021-01-02 00:51:38,24.47,54.37,66.2,77,0,2.24
314,Kota,IN,2021-01-02 00:51:39,25.18,75.83,65.12,52,93,5.93
315,Naryan-Mar,RU,2021-01-02 00:51:39,67.67,53.09,-5.57,87,100,11.43
316,Camden,US,2021-01-02 00:50:50,39.78,-74.97,37.99,96,100,5.88
317,Richards Bay,ZA,2021-01-02 00:51:39,-28.78,32.04,70.23,72,100,11.23
318,Korla,CN,2021-01-02 00:51:39,41.76,86.15,14.45,91,78,2.01
319,Ilo,PE,2021-01-02 00:51:40,-17.64,-71.34,70.07,83,100,3.24
320,Hailar,CN,2021-01-02 00:51:40,49.2,119.7,-16.37,87,2,6.69
321,Gushikawa,JP,2021-01-02 00:51:40,26.35,127.87,62.6,77,40,13.87
322,Sur,OM,2021-01-02 00:51:40,22.57,59.53,67.59,46,0,9.89
323,Kloulklubed,PW,2021-01-02 00:50:33,7.04,134.26,82.4,83,90,9.17
324,Kawalu,ID,2021-01-02 00:50:43,-7.38,108.21,77.09,83,94,0.76
325,Puerto Baquerizo Moreno,EC,2021-01-02 00:51:41,-0.9,-89.6,72.41,84,39,10.6
326,Wencheng,CN,2021-01-02 00:51:41,33.06,113.8,37.17,75,99,2.24
327,Mount Gambier,AU,2021-01-02 00:51:41,-37.83,140.77,77.0,57,19,6.93
328,Qui Nhon,VN,2021-01-02 00:51:42,13.77,109.23,68.29,90,99,17.63
329,Hernani,ES,2021-01-02 00:51:19,43.27,-1.98,39.2,86,75,12.75
330,Saint-Pierre,RE,2021-01-02 00:51:42,-21.34,55.48,77.0,69,0,13.87
331,Ribeira Grande,PT,2021-01-02 00:51:42,38.52,-28.7,60.73,83,100,27.76
332,Oyama,JP,2021-01-02 00:48:13,36.3,139.8,39.99,69,20,3.36
333,Hokitika,NZ,2021-01-02 00:51:43,-42.72,170.97,61.41,71,5,6.17
334,Westport,US,2021-01-02 00:46:58,41.14,-73.36,37.4,74,90,12.75
335,Namibe,AO,2021-01-02 00:51:43,-15.2,12.15,69.33,78,100,3.22
336,Mayo,US,2021-01-02 00:51:43,38.89,-76.51,39.0,100,90,6.93
337,Arrecife,ES,2021-01-02 00:51:43,28.96,-13.55,60.8,67,20,6.93
338,Fonte Boa,BR,2021-01-02 00:51:44,-2.5,-66.27,76.19,92,53,2.55
339,Sao Joao Da Barra,BR,2021-01-02 00:51:44,-21.64,-41.05,75.49,90,100,2.66
340,Betul,IN,2021-01-02 00:51:44,21.92,77.9,60.62,55,100,6.67
341,Vanimo,PG,2021-01-02 00:51:44,-2.67,141.3,84.16,74,94,3.27
342,Airai,TL,2021-01-02 00:51:45,-8.93,125.41,71.47,89,82,1.57
343,Nuuk,GL,2021-01-02 00:51:45,64.18,-51.72,24.8,73,100,10.29
344,Shenjiamen,CN,2021-01-02 00:51:45,29.96,122.3,41.74,61,0,12.5
345,Sisimiut,GL,2021-01-02 00:51:45,66.94,-53.67,13.51,87,100,4.21
346,Khani,GE,2021-01-02 00:51:46,41.96,42.96,37.4,69,0,5.82
347,Yunyang,CN,2021-01-02 00:51:46,33.45,112.71,39.0,42,100,2.55
348,Surab,PK,2021-01-02 00:51:46,28.49,66.26,30.97,71,0,5.77
349,Hofn,IS,2021-01-02 00:51:46,64.25,-15.21,32.94,87,90,3.89
350,Nova Praha,UA,2021-01-02 00:51:46,48.57,32.9,41.0,93,90,6.71
351,Kruisfontein,ZA,2021-01-02 00:51:47,-34.0,24.73,52.05,83,0,3.27
352,Manokwari,ID,2021-01-02 00:51:47,-0.87,134.08,84.36,66,100,1.79
353,Brownsville,US,2021-01-02 00:49:41,25.9,-97.5,53.6,58,90,5.82
354,Tabou,CI,2021-01-02 00:51:13,4.42,-7.35,78.53,87,9,7.81
355,Hohhot,CN,2021-01-02 00:51:47,40.81,111.65,-2.2,70,0,6.71
356,Saskylakh,RU,2021-01-02 00:51:48,71.92,114.08,-9.17,89,100,17.07
357,Cowansville,CA,2021-01-02 00:51:48,45.2,-72.75,28.0,79,100,1.12
358,Bongor,TD,2021-01-02 00:51:48,10.28,15.37,72.09,26,100,7.36
359,Talara,PE,2021-01-02 00:51:48,-4.58,-81.27,69.28,80,100,9.78
360,Kaeo,NZ,2021-01-02 00:51:49,-35.1,173.78,73.99,77,97,4.0
361,Boca Do Acre,BR,2021-01-02 00:51:49,-8.75,-67.4,75.29,92,100,1.81
362,Kahului,US,2021-01-02 00:51:49,20.89,-156.47,82.4,48,40,23.04
363,Ituporanga,BR,2021-01-02 00:51:49,-27.41,-49.6,69.01,95,100,2.75
364,Fort Saint James,CA,2021-01-02 00:51:49,54.43,-124.25,33.06,93,100,4.72
365,Erzin,TR,2021-01-02 00:47:25,36.96,36.2,51.8,71,75,8.05
366,Saint-Francois,FR,2021-01-02 00:51:50,46.42,3.91,30.2,86,90,4.7
367,Pangkalanbuun,ID,2021-01-02 00:51:50,-2.68,111.62,82.56,79,100,0.58
368,Raga,SS,2021-01-02 00:51:50,8.46,25.68,67.62,28,96,4.23
369,Yeniseysk,RU,2021-01-02 00:51:51,58.45,92.17,-21.78,87,83,3.87
370,Borba,BR,2021-01-02 00:51:51,-4.39,-59.59,76.15,86,0,2.06
371,Jalu,LY,2021-01-02 00:51:51,29.03,21.55,54.88,40,0,10.8
372,Mumbwa,ZM,2021-01-02 00:51:51,-14.98,27.06,66.38,94,100,5.3
373,Dalupirip,PH,2021-01-02 00:51:52,16.33,120.73,75.96,64,8,5.44
374,Bialystok,PL,2021-01-02 00:48:06,53.13,23.15,33.01,89,100,5.01
375,Lasa,IT,2021-01-02 00:51:10,46.62,10.7,30.99,92,90,2.24
376,Ruidoso,US,2021-01-02 00:51:52,33.33,-105.67,26.6,21,1,8.05
377,Henties Bay,NA,2021-01-02 00:51:52,-22.12,14.28,63.0,88,100,5.01
378,Los Llanos De Aridane,ES,2021-01-02 00:51:53,28.66,-17.92,62.6,77,90,8.05
379,Vestmannaeyjar,IS,2021-01-02 00:51:53,63.44,-20.27,42.15,84,100,11.03
380,Honningsvag,NO,2021-01-02 00:50:12,70.98,25.97,29.23,91,16,12.59
381,Port Hardy,CA,2021-01-02 00:51:53,50.7,-127.42,46.4,100,75,4.7
382,Mbandaka,CD,2021-01-02 00:51:54,0.05,18.26,72.19,94,100,4.74
383,Port Keats,AU,2021-01-02 00:51:54,-14.25,129.55,89.17,69,100,8.93
384,Redlands,US,2021-01-02 00:49:10,34.06,-117.18,66.2,17,5,10.29
385,Kedrovyy,RU,2021-01-02 00:51:54,56.17,91.82,-29.2,73,37,1.68
386,Buraydah,SA,2021-01-02 00:51:54,26.33,43.98,57.2,93,20,9.17
387,Visnes,NO,2021-01-02 00:51:55,59.36,5.22,37.99,74,80,11.41
388,Nisia Floresta,BR,2021-01-02 00:51:55,-6.09,-35.21,78.8,78,20,10.29
389,Coquimbo,CL,2021-01-02 00:51:55,-29.95,-71.34,60.8,82,15,10.29
390,Toppenish,US,2021-01-02 00:51:55,46.38,-120.31,37.0,97,100,2.33
391,Waw,SS,2021-01-02 00:51:55,7.7,28.0,68.9,30,41,2.08
392,Hamilton,US,2021-01-02 00:50:22,39.18,-84.53,51.01,87,90,20.8
393,Moerai,PF,2021-01-02 00:51:56,-22.43,-151.33,79.79,77,4,12.62
394,Vila,PT,2021-01-02 00:51:56,42.03,-8.16,32.0,95,62,1.99
395,Praya,CV,2021-01-02 00:51:56,14.92,-23.51,71.6,88,0,16.11
396,Mlonggo,ID,2021-01-02 00:49:06,-6.53,110.7,78.8,88,20,4.7
397,Sakakah,SA,2021-01-02 00:51:57,29.97,40.21,50.0,71,0,5.82
398,Moron,AR,2021-01-02 00:51:57,-34.65,-58.62,80.01,51,0,1.99
399,Melilla,ES,2021-01-02 00:49:12,35.29,-2.94,53.6,62,40,13.87
400,Esik,KZ,2021-01-02 00:51:58,43.36,77.45,10.4,92,90,4.47
401,Sept-Iles,CA,2021-01-02 00:51:58,50.2,-66.38,15.8,61,87,5.82
402,Quatre Cocos,MU,2021-01-02 00:51:58,-20.21,57.76,77.0,73,75,12.75
403,Petropavlovsk-Kamchatskiy,RU,2021-01-02 00:51:58,53.05,158.65,15.8,56,13,4.47
404,Orissaare,EE,2021-01-02 00:51:58,58.56,23.08,33.01,86,100,5.01
405,Kanniyakumari,IN,2021-01-02 00:49:11,8.08,77.57,75.92,73,0,22.01
406,Benemerito De Las Americas,MX,2021-01-02 00:51:59,16.52,-90.64,73.42,95,100,3.62
407,Tres Arroyos,AR,2021-01-02 00:51:59,-38.37,-60.28,69.39,39,0,11.56
408,Pudozh,RU,2021-01-02 00:51:59,61.81,36.53,31.66,98,100,6.15
409,Deputatskiy,RU,2021-01-02 00:51:59,69.3,139.9,-33.18,86,92,0.94
410,Bandarbeyla,SO,2021-01-02 00:51:59,9.49,50.81,74.16,69,84,17.56
411,Venice,US,2021-01-02 00:48:04,27.1,-82.45,73.99,88,1,13.87
412,Havre-Saint-Pierre,CA,2021-01-02 00:49:38,50.23,-63.6,14.0,78,90,12.75
413,Iskateley,RU,2021-01-02 00:52:00,67.68,53.15,-5.69,87,100,11.3
414,Huancavelica,PE,2021-01-02 00:52:00,-12.77,-74.98,42.98,85,100,5.35
415,Coihaique,CL,2021-01-02 00:52:01,-45.58,-72.07,62.6,42,20,9.17
416,Victor Harbor,AU,2021-01-02 00:52:01,-35.57,138.62,77.0,68,72,4.0
417,Danilovka,RU,2021-01-02 00:52:01,50.36,44.12,29.5,98,96,9.66
418,Houma,US,2021-01-02 00:50:57,29.6,-90.72,55.99,82,1,10.29
419,Kericho,KE,2021-01-02 00:52:02,-0.37,35.28,64.4,93,40,3.36
420,Severobaykalsk,RU,2021-01-02 00:52:02,55.65,109.32,-10.64,84,99,5.01
421,Inhambane,MZ,2021-01-02 00:52:02,-23.86,35.38,78.6,81,19,5.59
422,Lensk,RU,2021-01-02 00:51:16,60.73,114.93,-23.1,81,100,11.56
423,Vao,NC,2021-01-02 00:52:03,-22.67,167.48,75.87,90,100,12.71
424,Pacasmayo,PE,2021-01-02 00:52:03,-7.4,-79.57,70.66,79,100,10.8
425,Baruun-Urt,MN,2021-01-02 00:52:03,46.68,113.28,-14.3,84,0,5.93
426,Phan Thiet,VN,2021-01-02 00:52:03,10.93,108.1,75.2,69,48,2.89
427,Villiers,ZA,2021-01-02 00:52:04,-27.03,28.6,57.2,88,100,14.5
428,Pangnirtung,CA,2021-01-02 00:52:04,66.15,-65.71,-9.87,75,11,1.97
429,Okhotsk,RU,2021-01-02 00:52:04,59.38,143.3,-13.07,77,40,16.28
430,Porterville,US,2021-01-02 00:50:13,36.07,-119.02,59.0,44,1,5.82
431,Carnarvon,AU,2021-01-02 00:52:04,-24.87,113.63,80.6,83,0,12.75
432,Krasnoselkup,RU,2021-01-02 00:52:05,65.7,82.47,-25.73,86,75,5.21
433,Saint George,US,2021-01-02 00:52:05,37.1,-113.58,46.4,39,1,12.75
434,Sola,VU,2021-01-02 00:50:40,-13.88,167.55,87.8,79,40,5.82
435,Kichera,RU,2021-01-02 00:52:05,55.94,110.1,-16.38,75,39,4.76
436,Big Spring,US,2021-01-02 00:52:05,32.25,-101.48,33.8,74,90,5.82
437,Awjilah,LY,2021-01-02 00:52:06,29.11,21.29,55.0,40,1,10.63
438,Tarko-Sale,RU,2021-01-02 00:52:06,64.92,77.78,-27.74,86,0,3.11
439,Taoudenni,ML,2021-01-02 00:52:06,22.68,-3.98,61.2,29,0,7.72
440,Flin Flon,CA,2021-01-02 00:52:06,54.77,-101.86,15.8,85,90,2.24
441,Kamenka,RU,2021-01-02 00:52:07,51.32,42.77,27.0,96,100,11.79
442,Bemidji,US,2021-01-02 00:48:00,47.47,-94.88,19.0,100,75,4.63
443,Belmonte,BR,2021-01-02 00:52:07,-15.86,-38.88,77.0,78,40,5.82
444,Trelew,AR,2021-01-02 00:52:07,-43.25,-65.31,77.99,24,0,15.68
445,Hualmay,PE,2021-01-02 00:52:07,-11.1,-77.61,69.57,84,100,9.66
446,Port Lincoln,AU,2021-01-02 00:52:07,-34.73,135.87,66.92,64,24,16.22
447,Kon Tum,VN,2021-01-02 00:47:21,14.35,108.0,67.62,66,23,6.4
448,Alice Springs,AU,2021-01-02 00:50:27,-23.7,133.88,95.0,29,0,14.99
449,Luanda,AO,2021-01-02 00:52:08,-8.84,13.23,77.61,85,100,6.78
450,Batsfjord,NO,2021-01-02 00:52:08,70.63,29.72,23.76,95,83,7.38
451,Bay Roberts,CA,2021-01-02 00:52:08,47.6,-53.26,25.0,75,8,1.01
452,Dori,BF,2021-01-02 00:52:09,14.04,-0.03,71.15,22,0,4.47
453,Waitakere,NZ,2021-01-02 00:52:09,-36.92,174.66,73.4,73,41,4.7
454,Coos Bay,US,2021-01-02 00:52:09,43.37,-124.22,50.0,87,90,12.75
455,Cabedelo,BR,2021-01-02 00:52:05,-6.98,-34.83,77.0,83,20,6.93
456,Verkh-Chebula,RU,2021-01-02 00:52:09,56.03,87.62,-10.8,88,100,6.44
457,Pisco,PE,2021-01-02 00:52:10,-13.7,-76.22,69.8,83,0,17.22
458,Kavaratti,IN,2021-01-02 00:52:10,10.57,72.64,82.36,70,89,10.54
459,Ugoofaaru,MV,2021-01-02 00:52:10,5.67,73.0,82.02,77,99,15.19
460,Hirado,JP,2021-01-02 00:52:10,33.36,129.55,42.8,81,75,1.12
461,La Ronge,CA,2021-01-02 00:52:11,55.1,-105.28,17.6,92,91,1.12
462,Tacoronte,ES,2021-01-02 00:52:11,28.48,-16.41,61.0,93,75,2.24
463,Inuvik,CA,2021-01-02 00:50:42,68.35,-133.72,-11.2,76,0,4.7
464,Atar,MR,2021-01-02 00:52:11,20.52,-13.05,59.47,41,0,7.78
465,Taltal,CL,2021-01-02 00:52:11,-25.4,-70.48,65.64,78,18,2.19
466,Praia Da Vitoria,PT,2021-01-02 00:52:12,38.73,-27.07,57.99,82,75,21.0
467,Tautira,PF,2021-01-02 00:52:12,-17.73,-149.15,87.8,55,20,4.7
468,Kiruna,SE,2021-01-02 00:52:12,67.86,20.23,17.6,100,99,2.24
469,Najran,SA,2021-01-02 00:49:20,17.49,44.13,59.0,51,0,4.07
470,Mocuba,MZ,2021-01-02 00:52:13,-16.84,36.99,72.16,95,1,4.47
471,San Quintin,MX,2021-01-02 00:52:13,30.48,-115.95,58.93,49,0,3.24
472,Derzhavinsk,KZ,2021-01-02 00:52:13,51.1,66.32,-9.22,90,36,7.38
473,Dali,CN,2021-01-02 00:52:13,25.7,100.18,41.56,68,3,3.04
474,Duncan,US,2021-01-02 00:52:13,34.5,-97.96,33.8,86,40,4.7
475,Gilgit,PK,2021-01-02 00:52:14,35.92,74.31,24.37,44,0,3.22
476,Haines Junction,CA,2021-01-02 00:52:14,60.75,-137.51,3.22,89,98,2.21
477,Nyurba,RU,2021-01-02 00:52:14,63.28,118.33,-19.61,87,97,5.3
478,Motygino,RU,2021-01-02 00:52:14,58.18,94.76,-25.42,85,62,2.59
479,Ambilobe,MG,2021-01-02 00:52:15,-13.2,49.05,73.51,90,42,2.01
480,Nybro,SE,2021-01-02 00:52:15,56.74,15.91,35.6,93,100,2.24
481,Bell Ville,AR,2021-01-02 00:52:15,-32.63,-62.69,79.2,24,0,7.38
482,Elko,US,2021-01-02 00:52:15,41.0,-115.5,35.6,51,1,6.93
483,Laguna,US,2021-01-02 00:52:16,38.42,-121.42,54.0,66,1,3.36
484,Kulhudhuffushi,MV,2021-01-02 00:52:16,6.62,73.07,81.95,74,100,11.92
485,Maldonado,UY,2021-01-02 00:51:53,-34.67,-54.92,66.2,72,0,4.7
486,Yar-Sale,RU,2021-01-02 00:52:16,66.83,70.83,-27.27,83,37,7.4
487,Camacha,PT,2021-01-02 00:52:16,33.08,-16.33,57.2,76,40,1.12
488,Russell,US,2021-01-02 00:52:17,32.35,-85.2,66.2,88,90,4.7
489,Namatanai,PG,2021-01-02 00:52:17,-3.67,152.43,85.91,61,75,7.27
490,Okitipupa,NG,2021-01-02 00:52:17,6.5,4.78,76.39,96,100,2.71
491,Clonakilty,IE,2021-01-02 00:52:17,51.62,-8.87,34.0,85,20,11.41
492,Purpe,RU,2021-01-02 00:52:18,64.48,76.69,-27.72,86,0,3.11
493,Caramay,PH,2021-01-02 00:52:18,10.18,119.24,81.18,82,39,11.74
494,Cocorit,MX,2021-01-02 00:52:18,27.58,-109.97,66.2,37,75,4.7
495,Roald,NO,2021-01-02 00:52:18,62.58,6.13,32.0,96,90,12.75
496,Hirara,JP,2021-01-02 00:52:18,24.8,125.28,62.6,67,75,13.87
497,Norman Wells,CA,2021-01-02 00:52:19,65.28,-126.83,-14.8,75,20,8.05
498,Fez,MA,2021-01-02 00:52:19,34.04,-5.0,46.4,93,75,18.34
499,Carballo,ES,2021-01-02 00:52:19,43.21,-8.69,39.99,100,75,5.82
500,Bonthe,SL,2021-01-02 00:52:19,7.53,-12.51,78.53,84,0,6.13
501,Cam Ranh,VN,2021-01-02 00:52:19,11.92,109.16,77.0,65,75,20.8
502,Sivaki,RU,2021-01-02 00:52:20,52.63,126.75,-20.88,83,0,6.11
503,Semibratovo,RU,2021-01-02 00:52:20,57.3,39.54,32.0,98,90,6.71
504,Saiha,IN,2021-01-02 00:48:01,22.48,92.97,54.43,63,100,3.65
505,Ciudad Bolivar,VE,2021-01-02 00:52:20,8.12,-63.55,76.82,80,58,12.19
506,Owando,CG,2021-01-02 00:52:21,-0.48,15.9,71.92,93,100,2.82
507,Alugan,PH,2021-01-02 00:52:21,12.22,125.48,81.0,85,100,14.25
508,Ixtapa,MX,2021-01-02 00:52:21,20.7,-105.2,69.8,56,40,5.82
509,Valentin Gomez Farias,MX,2021-01-02 00:52:21,28.22,-106.58,39.99,74,100,3.09
510,Port Macquarie,AU,2021-01-02 00:52:21,-31.43,152.92,75.99,75,100,7.85
511,Zaltan,LY,2021-01-02 00:52:22,32.95,11.87,53.56,46,0,7.18
512,Plerin,FR,2021-01-02 00:52:22,48.54,-2.78,37.0,10,33,2.62
513,General Pico,AR,2021-01-02 00:52:22,-35.66,-63.76,81.28,19,0,6.98
514,Megion,RU,2021-01-02 00:52:22,61.03,76.11,-29.2,66,20,4.41
515,Berlevag,NO,2021-01-02 00:52:22,70.86,29.09,27.28,94,59,11.07
516,General Delgado,PY,2021-01-02 00:52:23,-27.17,-56.52,82.4,39,0,5.82
517,Bernardino De Campos,BR,2021-01-02 00:52:23,-23.01,-49.47,67.95,96,0,9.86
518,Valea Argovei,RO,2021-01-02 00:52:23,44.35,26.78,46.0,78,0,1.12
519,Lac Du Bonnet,CA,2021-01-02 00:51:23,50.25,-96.06,19.4,92,60,5.82
520,Arroio Grande,BR,2021-01-02 00:52:24,-32.24,-53.09,66.31,62,100,5.99
521,Sarankhola,BD,2021-01-02 00:52:24,22.31,89.79,57.76,71,42,3.76
522,Sao Gabriel Da Cachoeira,BR,2021-01-02 00:52:24,-0.13,-67.09,74.73,95,100,0.83
523,Colorado,BR,2021-01-02 00:47:53,-22.84,-51.97,73.29,87,0,1.28
524,Novovarshavka,RU,2021-01-02 00:52:25,54.17,74.69,-28.37,85,11,4.81
525,Manicore,BR,2021-01-02 00:52:25,-5.81,-61.3,76.37,91,28,2.1
526,Garowe,SO,2021-01-02 00:50:10,8.41,48.48,64.63,79,42,10.96
527,Paso De Los Toros,UY,2021-01-02 00:52:25,-32.82,-56.52,74.46,34,1,12.66
528,Mezen,RU,2021-01-02 00:52:26,65.85,44.24,11.44,95,100,9.62
529,Sawtell,AU,2021-01-02 00:52:26,-30.38,153.1,75.2,83,40,11.41
530,Banjar,ID,2021-01-02 00:52:26,-8.19,114.97,78.8,94,40,2.24
531,Dryden,CA,2021-01-02 00:48:39,49.78,-92.75,21.2,92,90,5.82
532,Mason City,US,2021-01-02 00:48:03,43.15,-93.2,19.4,85,1,6.93
533,Simplicio Mendes,BR,2021-01-02 00:52:27,-7.85,-41.91,76.1,70,100,2.51
534,Zavyalovo,RU,2021-01-02 00:52:27,54.51,82.45,-38.2,65,90,2.24
535,Juchitlan,MX,2021-01-02 00:52:27,20.08,-104.12,60.15,38,11,4.27
536,Minab,IR,2021-01-02 00:52:28,27.15,57.08,53.6,37,0,6.93
537,Aksu,CN,2021-01-02 00:52:28,41.12,80.26,10.13,90,0,0.78
538,Karasjok,NO,2021-01-02 00:52:28,69.47,25.51,24.8,79,100,17.22
539,Tiznit,MA,2021-01-02 00:52:28,29.58,-9.5,48.61,75,15,2.71
540,Codrington,AU,2021-01-02 00:52:29,-38.27,141.97,69.48,83,100,6.49
541,Harindanga,IN,2021-01-02 00:52:29,22.04,88.32,59.0,87,57,5.39
542,Lardos,GR,2021-01-02 00:52:29,36.09,28.02,57.99,87,40,3.36
543,Castenaso,IT,2021-01-02 00:52:29,44.51,11.47,44.01,100,90,5.82
544,Zaokskiy,RU,2021-01-02 00:52:30,54.73,37.41,30.99,99,100,8.72
545,Campbell River,CA,2021-01-02 00:48:14,50.02,-125.24,48.0,93,75,3.36
546,Parauna,BR,2021-01-02 00:52:30,-16.95,-50.45,71.64,81,29,2.42
547,Alofi,NU,2021-01-02 00:52:30,-19.06,-169.92,82.4,78,100,4.7
548,Meridian,US,2021-01-02 00:47:38,43.61,-116.39,41.0,80,75,9.17
549,Salto,UY,2021-01-02 00:51:51,-31.38,-57.97,75.99,52,0,1.83
550,Santa Maria,BR,2021-01-02 00:52:31,-29.68,-53.81,69.8,64,0,3.36
551,Lakatoro,VU,2021-01-02 00:52:31,-16.1,167.42,84.2,79,75,3.36
552,Nantucket,US,2021-01-02 00:49:15,41.28,-70.1,42.8,70,75,6.93
553,Muzhi,RU,2021-01-02 00:52:32,65.37,64.67,-29.2,83,0,4.32
554,Verkhnevilyuysk,RU,2021-01-02 00:52:32,63.45,120.32,-19.43,87,100,6.82
555,Carpinteria,US,2021-01-02 00:52:32,34.4,-119.52,59.0,49,100,3.96
556,Dolinsk,RU,2021-01-02 00:52:32,47.35,142.8,3.2,77,20,8.95
557,Snezhnogorsk,RU,2021-01-02 00:52:32,69.19,33.25,21.2,92,40,4.47
558,Dauphin,CA,2021-01-02 00:52:33,51.15,-100.05,17.31,94,0,8.05
559,Kolondieba,ML,2021-01-02 00:52:33,11.09,-6.89,73.72,24,0,2.86
560,Zabol,AF,2021-01-02 00:52:33,32.25,67.25,31.14,66,0,6.2
561,Kachiry,KZ,2021-01-02 00:52:33,53.07,76.1,-25.64,86,96,4.72
562,Kingaroy,AU,2021-01-02 00:52:33,-26.53,151.83,86.0,50,40,9.17
563,Kozhva,RU,2021-01-02 00:52:34,65.11,57.05,-9.72,86,46,5.57
564,Beringovskiy,RU,2021-01-02 00:52:34,63.05,179.32,28.45,98,100,35.34
565,Lucea,JM,2021-01-02 00:52:34,18.45,-78.17,78.8,74,20,11.41
566,Saint-Louis,SN,2021-01-02 00:52:35,16.33,-15.0,71.6,46,0,2.24
567,Verkhnyaya Inta,RU,2021-01-02 00:51:15,65.98,60.31,-8.91,81,0,2.3
568,Lorengau,PG,2021-01-02 00:52:35,-2.02,147.27,85.86,71,100,9.64
569,Kommunar,RU,2021-01-02 00:52:35,59.62,30.39,33.01,98,90,4.47
570,Seoul,KR,2021-01-02 00:47:50,37.57,126.98,21.2,44,1,6.35
571,Skorodnoye,RU,2021-01-02 00:52:36,51.07,37.23,32.0,98,90,8.95
572,Lumphat,KH,2021-01-02 00:52:36,13.49,106.98,68.47,63,13,3.96
573,Wasco,US,2021-01-02 00:52:36,35.59,-119.34,57.2,47,1,0.85
574,Wanaka,NZ,2021-01-02 00:52:36,-44.7,169.15,55.0,81,100,1.99
575,Hit,IQ,2021-01-02 00:52:37,33.64,42.83,53.67,43,0,4.92
576,Lamar,US,2021-01-02 00:52:37,33.67,-95.58,39.0,93,90,11.41
